{
  "objective": "binary_short_vs_rest",
  "split_samples": {
    "train": 34970,
    "validation": 4272,
    "test": 2832
  },
  "label_diagnostics": {
    "ETHUSD": {
      "class_distribution": {
        "long": 19247,
        "neutral": 3487,
        "short": 19484
      },
      "avg_expected_return_pct_by_class": {
        "long": 1.5413035797786667,
        "neutral": 0.0,
        "short": 1.5670519400533771
      },
      "tp_sl_bucket_counts": {
        "tp=0.60|sl=0.30": 1905,
        "tp=0.80|sl=0.30": 1659,
        "tp=0.80|sl=0.40": 407,
        "tp=1.00|sl=0.30": 1954,
        "tp=1.00|sl=0.40": 488,
        "tp=1.00|sl=0.50": 434,
        "tp=1.20|sl=0.30": 2383,
        "tp=1.20|sl=0.40": 588,
        "tp=1.20|sl=0.50": 572,
        "tp=1.20|sl=0.60": 489,
        "tp=1.50|sl=0.30": 2935,
        "tp=1.50|sl=0.40": 803,
        "tp=1.50|sl=0.50": 666,
        "tp=1.50|sl=0.60": 657,
        "tp=2.00|sl=0.30": 9694,
        "tp=2.00|sl=0.40": 2663,
        "tp=2.00|sl=0.50": 2217,
        "tp=2.00|sl=0.60": 2027,
        "tp=2.00|sl=0.80": 3436,
        "tp=2.00|sl=1.00": 2754
      },
      "monthly_class_distribution": {
        "2025-02": {
          "long": 363,
          "neutral": 48,
          "short": 371
        },
        "2025-03": {
          "long": 1248,
          "neutral": 186,
          "short": 1542
        },
        "2025-04": {
          "long": 1338,
          "neutral": 191,
          "short": 1351
        },
        "2025-05": {
          "long": 1431,
          "neutral": 170,
          "short": 1375
        },
        "2025-06": {
          "long": 1326,
          "neutral": 225,
          "short": 1329
        },
        "2025-07": {
          "long": 1487,
          "neutral": 206,
          "short": 1283
        },
        "2025-08": {
          "long": 1527,
          "neutral": 159,
          "short": 1290
        },
        "2025-09": {
          "long": 1181,
          "neutral": 317,
          "short": 1382
        },
        "2025-10": {
          "long": 1407,
          "neutral": 241,
          "short": 1328
        },
        "2025-11": {
          "long": 1250,
          "neutral": 179,
          "short": 1451
        },
        "2025-12": {
          "long": 1382,
          "neutral": 387,
          "short": 1207
        },
        "2026-01": {
          "long": 1203,
          "neutral": 371,
          "short": 1402
        },
        "2026-02": {
          "long": 1159,
          "neutral": 172,
          "short": 1357
        },
        "2026-03": {
          "long": 1281,
          "neutral": 209,
          "short": 1486
        },
        "2026-04": {
          "long": 1344,
          "neutral": 319,
          "short": 1217
        },
        "2026-05": {
          "long": 320,
          "neutral": 107,
          "short": 113
        }
      }
    }
  },
  "validation_metrics": {
    "accuracy": 0.526685393258427,
    "short_precision": 0.5185185185185185,
    "short_recall": 0.33783783783783783,
    "short_f1": 0.4091174751607247,
    "confusion_matrix_labels_1_neutral_2_short": [
      [
        1550,
        650
      ],
      [
        1372,
        700
      ]
    ]
  },
  "validation_threshold_search": {
    "best": {
      "threshold": 0.6500000000000001,
      "trade_count": 263,
      "win_rate": 0.7186311787072244,
      "profit_factor_proxy": 6.067436686655234,
      "net_expectancy_pct_proxy": 1.0514448988301672,
      "score": 1.0514448988301672
    },
    "grid": [
      {
        "threshold": 0.5,
        "trade_count": 912,
        "win_rate": 0.5581140350877193,
        "profit_factor_proxy": 3.373205524760054,
        "net_expectancy_pct_proxy": 0.6635087351213421
      },
      {
        "threshold": 0.55,
        "trade_count": 678,
        "win_rate": 0.5929203539823009,
        "profit_factor_proxy": 3.791524043465129,
        "net_expectancy_pct_proxy": 0.7461356617075152
      },
      {
        "threshold": 0.6000000000000001,
        "trade_count": 404,
        "win_rate": 0.655940594059406,
        "profit_factor_proxy": 4.802183926665587,
        "net_expectancy_pct_proxy": 0.9134652842153417
      },
      {
        "threshold": 0.6500000000000001,
        "trade_count": 263,
        "win_rate": 0.7186311787072244,
        "profit_factor_proxy": 6.067436686655234,
        "net_expectancy_pct_proxy": 1.0514448988301672
      },
      {
        "threshold": 0.7000000000000002,
        "trade_count": 116,
        "win_rate": 0.8103448275862069,
        "profit_factor_proxy": 9.012875167581651,
        "net_expectancy_pct_proxy": 1.2875862003194876
      },
      {
        "threshold": 0.7500000000000002,
        "trade_count": 43,
        "win_rate": 0.7906976744186046,
        "profit_factor_proxy": 8.290366143028644,
        "net_expectancy_pct_proxy": 1.2495348482353743
      },
      {
        "threshold": 0.8000000000000003,
        "trade_count": 1,
        "win_rate": 1.0,
        "profit_factor_proxy": 16.666666666666668,
        "net_expectancy_pct_proxy": 1.41
      },
      {
        "threshold": 0.8500000000000003,
        "trade_count": 0
      },
      {
        "threshold": 0.9000000000000004,
        "trade_count": 0
      }
    ]
  },
  "test_metrics_once": {
    "accuracy": 0.5222457627118644,
    "short_precision": 0.38139059304703476,
    "short_recall": 0.3327386262265834,
    "short_f1": 0.3554073368270605,
    "confusion_matrix_labels_1_neutral_2_short": [
      [
        1106,
        605
      ],
      [
        748,
        373
      ]
    ]
  },
  "test_threshold_proxy_once": {
    "best": {
      "threshold": 0.5,
      "trade_count": 765,
      "win_rate": 0.36993464052287583,
      "profit_factor_proxy": 1.4918003755837559,
      "net_expectancy_pct_proxy": 0.1862091343698938,
      "score": 0.1862091343698938
    },
    "grid": [
      {
        "threshold": 0.5,
        "trade_count": 765,
        "win_rate": 0.36993464052287583,
        "profit_factor_proxy": 1.4918003755837559,
        "net_expectancy_pct_proxy": 0.1862091343698938
      },
      {
        "threshold": 0.55,
        "trade_count": 599,
        "win_rate": 0.35225375626043404,
        "profit_factor_proxy": 1.4263384512425819,
        "net_expectancy_pct_proxy": 0.16392321553174563
      },
      {
        "threshold": 0.6000000000000001,
        "trade_count": 351,
        "win_rate": 0.32763532763532766,
        "profit_factor_proxy": 1.2452370261371468,
        "net_expectancy_pct_proxy": 0.09717954369352073
      },
      {
        "threshold": 0.6500000000000001,
        "trade_count": 180,
        "win_rate": 0.31666666666666665,
        "profit_factor_proxy": 1.2008608320906196,
        "net_expectancy_pct_proxy": 0.0777777820163303
      },
      {
        "threshold": 0.7000000000000002,
        "trade_count": 61,
        "win_rate": 0.26229508196721313,
        "profit_factor_proxy": 0.9592424853398305,
        "net_expectancy_pct_proxy": -0.016229508196721316
      },
      {
        "threshold": 0.7500000000000002,
        "trade_count": 8,
        "win_rate": 0.0,
        "profit_factor_proxy": 0.0,
        "net_expectancy_pct_proxy": -0.5649999940395355
      },
      {
        "threshold": 0.8000000000000003,
        "trade_count": 0
      },
      {
        "threshold": 0.8500000000000003,
        "trade_count": 0
      },
      {
        "threshold": 0.9000000000000004,
        "trade_count": 0
      }
    ]
  }
}