{
  "n_total": 10509,
  "n_meaningful": 10509,
  "n_actual_up": 5159,
  "n_actual_down": 5350,
  "direction_accuracy": 0.5023313350461509,
  "mae": 1.1445062160491943,
  "rmse": 1.3809285163879395,
  "mean_actual_max_return": -0.04055828973650932,
  "mean_pred_max_return": -0.019148390740156174,
  "n_correct": 5279,
  "n_25": 741,
  "n_50": 154,
  "n_75": 28,
  "n_100": 7,
  "upside": {
    "n": 10509,
    "n_correct": 2191,
    "n_25": 312,
    "n_50": 68,
    "n_75": 15,
    "n_100": 2,
    "n_missed": 2968
  },
  "downside": {
    "n": 10509,
    "n_correct": 3088,
    "n_25": 429,
    "n_50": 86,
    "n_75": 13,
    "n_100": 5,
    "n_missed": 2262
  }
}