{
  "n_total": 5249,
  "n_fired": 2002,
  "fire_rate": 0.381405982091827,
  "dir_acc": 0.33766233766233766,
  "long_acc": 0.3834355828220859,
  "short_acc": 0.31555555555555553,
  "ece": 0.1183438807815224,
  "calib_bins": [
    {
      "conf_lo": 0.3,
      "conf_hi": 0.4,
      "n": 235,
      "mean_conf": 0.38035109639167786,
      "actual_acc": 0.3659574468085106,
      "gap": 0.014393649583167245
    },
    {
      "conf_lo": 0.4,
      "conf_hi": 0.5,
      "n": 1381,
      "mean_conf": 0.4499702751636505,
      "actual_acc": 0.3142650253439537,
      "gap": 0.13570524981969684
    },
    {
      "conf_lo": 0.5,
      "conf_hi": 0.6,
      "n": 386,
      "mean_conf": 0.5236606001853943,
      "actual_acc": 0.40414507772020725,
      "gap": 0.11951552246518704
    }
  ],
  "move": {
    "n_correct_dir": 676,
    "mean_move_ratio": 1.0408642292022705,
    "median_move_ratio": 1.0129890441894531,
    "pct_within_50pct": 0.7736686390532544,
    "pct_overestimated": 0.08284023668639054,
    "pct_underestimated": 0.14349112426035504,
    "q10_coverage": 0.8609467455621301,
    "q50_coverage": 0.5103550295857988,
    "q90_coverage": 0.7248520710059172,
    "mean_actual_mfe": 1.987282633781433,
    "mean_predicted_q50": 1.9558378458023071
  }
}