{
  "n_total": 10510,
  "n_meaningful": 10510,
  "n_actual_up": 5159,
  "n_actual_down": 5351,
  "direction_accuracy": 0.5093244529019981,
  "mae": 1.144482970237732,
  "rmse": 1.3817964792251587,
  "mean_actual_max_return": -0.04215672239661217,
  "mean_pred_max_return": -0.10041575878858566,
  "n_correct": 5353,
  "n_25": 729,
  "n_50": 134,
  "n_75": 25,
  "n_100": 8,
  "upside": {
    "n": 10510,
    "n_correct": 544,
    "n_25": 2,
    "n_50": 0,
    "n_75": 0,
    "n_100": 0,
    "n_missed": 4615
  },
  "downside": {
    "n": 10510,
    "n_correct": 4809,
    "n_25": 727,
    "n_50": 134,
    "n_75": 25,
    "n_100": 8,
    "n_missed": 542
  }
}