{
  "n_total": 5249,
  "n_fired": 2271,
  "fire_rate": 0.43265383882644315,
  "dir_acc": 0.3615147512109203,
  "long_acc": 0.392,
  "short_acc": 0.33752950432730133,
  "ece": 0.007000851216477887,
  "calib_bins": [
    {
      "conf_lo": 0.3,
      "conf_hi": 0.4,
      "n": 2069,
      "mean_conf": 0.36282795667648315,
      "actual_acc": 0.3566940550990817,
      "gap": 0.006133901577401457
    },
    {
      "conf_lo": 0.4,
      "conf_hi": 0.5,
      "n": 200,
      "mean_conf": 0.4258746802806854,
      "actual_acc": 0.415,
      "gap": 0.010874680280685445
    },
    {
      "conf_lo": 0.5,
      "conf_hi": 0.6,
      "n": 2,
      "mean_conf": 0.5164773464202881,
      "actual_acc": 0.0,
      "gap": 0.5164773464202881
    }
  ],
  "move": {
    "n_correct_dir": 821,
    "mean_move_ratio": 1.3065402507781982,
    "median_move_ratio": 1.2562730312347412,
    "pct_within_50pct": 0.6431181485992692,
    "pct_overestimated": 0.02192448233861145,
    "pct_underestimated": 0.33495736906211937,
    "q10_coverage": 0.9987819732034104,
    "q50_coverage": 0.7137637028014616,
    "q90_coverage": 0.761266747868453,
    "mean_actual_mfe": 1.9090758562088013,
    "mean_predicted_q50": 1.4452152252197266
  }
}