{
  "n_total": 10509,
  "n_meaningful": 10509,
  "n_actual_up": 5090,
  "n_actual_down": 5419,
  "direction_accuracy": 0.4859644114568465,
  "mae": 1.372076392173767,
  "rmse": 1.7303485870361328,
  "mean_actual_max_return": -0.09393084794282913,
  "mean_pred_max_return": -0.007494401652365923,
  "n_correct": 5107,
  "n_25": 539,
  "n_50": 100,
  "n_75": 16,
  "n_100": 6,
  "upside": {
    "n": 10509,
    "n_correct": 2208,
    "n_25": 253,
    "n_50": 43,
    "n_75": 5,
    "n_100": 2,
    "n_missed": 2882
  },
  "downside": {
    "n": 10509,
    "n_correct": 2899,
    "n_25": 286,
    "n_50": 57,
    "n_75": 11,
    "n_100": 4,
    "n_missed": 2520
  }
}