{
  "n_total": 10505,
  "n_fired": 8944,
  "fire_rate": 0.8514040932889101,
  "dir_acc": 0.31775491949910556,
  "long_acc": 0.26677316293929715,
  "short_acc": 0.34520123839009287,
  "ece": 0.04092838437911221,
  "calib_bins": [
    {
      "conf_lo": 0.3,
      "conf_hi": 0.4,
      "n": 8930,
      "mean_conf": 0.3586125075817108,
      "actual_acc": 0.3180291153415454,
      "gap": 0.04058339224016544
    },
    {
      "conf_lo": 0.4,
      "conf_hi": 0.5,
      "n": 14,
      "mean_conf": 0.4038412272930145,
      "actual_acc": 0.14285714285714285,
      "gap": 0.2609840844358717
    }
  ],
  "move": {
    "n_correct_dir": 2842,
    "mean_move_ratio": 1.1364446878433228,
    "median_move_ratio": 1.0793943405151367,
    "pct_within_50pct": 0.7533427163969036,
    "pct_overestimated": 0.05137227304714989,
    "pct_underestimated": 0.19528501055594652,
    "q10_coverage": 0.9532019704433498,
    "q50_coverage": 0.5935960591133005,
    "q90_coverage": 0.7821956368754398,
    "mean_actual_mfe": 1.9139245748519897,
    "mean_predicted_q50": 1.6954950094223022
  }
}