{
  "n_total": 5249,
  "n_fired": 2577,
  "fire_rate": 0.49095065726805104,
  "dir_acc": 0.30151338766006985,
  "long_acc": 0.26985981308411217,
  "short_acc": 0.31725740848343986,
  "ece": 0.14392012878124874,
  "calib_bins": [
    {
      "conf_lo": 0.3,
      "conf_hi": 0.4,
      "n": 509,
      "mean_conf": 0.37942248582839966,
      "actual_acc": 0.3104125736738703,
      "gap": 0.06900991215452934
    },
    {
      "conf_lo": 0.4,
      "conf_hi": 0.5,
      "n": 1650,
      "mean_conf": 0.44598469138145447,
      "actual_acc": 0.3084848484848485,
      "gap": 0.137499842896606
    },
    {
      "conf_lo": 0.5,
      "conf_hi": 0.6,
      "n": 418,
      "mean_conf": 0.5236396789550781,
      "actual_acc": 0.2631578947368421,
      "gap": 0.26048178421823603
    }
  ],
  "move": {
    "n_correct_dir": 777,
    "mean_move_ratio": 0.9638835191726685,
    "median_move_ratio": 0.8809928894042969,
    "pct_within_50pct": 0.7001287001287001,
    "pct_overestimated": 0.16344916344916344,
    "pct_underestimated": 0.1364221364221364,
    "q10_coverage": 0.7464607464607464,
    "q50_coverage": 0.4041184041184041,
    "q90_coverage": 0.8301158301158301,
    "mean_actual_mfe": 1.6765997409820557,
    "mean_predicted_q50": 1.798467755317688
  }
}