{
  "n_total": 10509,
  "n_meaningful": 10509,
  "n_actual_up": 5087,
  "n_actual_down": 5422,
  "direction_accuracy": 0.5011894566561994,
  "mae": 1.3667724132537842,
  "rmse": 1.7198961973190308,
  "mean_actual_max_return": -0.095016710460186,
  "mean_pred_max_return": -0.09187298268079758,
  "n_correct": 5267,
  "n_25": 664,
  "n_50": 172,
  "n_75": 53,
  "n_100": 21,
  "upside": {
    "n": 10509,
    "n_correct": 567,
    "n_25": 1,
    "n_50": 0,
    "n_75": 0,
    "n_100": 0,
    "n_missed": 4520
  },
  "downside": {
    "n": 10509,
    "n_correct": 4700,
    "n_25": 663,
    "n_50": 172,
    "n_75": 53,
    "n_100": 21,
    "n_missed": 722
  }
}