{
  "n_total": 10498,
  "n_fired": 5416,
  "fire_rate": 0.5159077919603734,
  "dir_acc": 0.16506646971935007,
  "long_acc": 0.16982968369829685,
  "short_acc": 0.15007656967840735,
  "ece": 0.22370068086214925,
  "calib_bins": [
    {
      "conf_lo": 0.3,
      "conf_hi": 0.4,
      "n": 3715,
      "mean_conf": 0.3708636164665222,
      "actual_acc": 0.16796769851951548,
      "gap": 0.20289591794700673
    },
    {
      "conf_lo": 0.4,
      "conf_hi": 0.5,
      "n": 1678,
      "mean_conf": 0.42671123147010803,
      "actual_acc": 0.15971394517282478,
      "gap": 0.26699728629728325
    },
    {
      "conf_lo": 0.5,
      "conf_hi": 0.6,
      "n": 23,
      "mean_conf": 0.5123089551925659,
      "actual_acc": 0.08695652173913043,
      "gap": 0.4253524334534355
    }
  ],
  "move": {
    "n_correct_dir": 894,
    "mean_move_ratio": 0.9076656103134155,
    "median_move_ratio": 0.8783140778541565,
    "pct_within_50pct": 0.8378076062639821,
    "pct_overestimated": 0.11297539149888143,
    "pct_underestimated": 0.049217002237136466,
    "q10_coverage": 0.9664429530201343,
    "q50_coverage": 0.4004474272930649,
    "q90_coverage": 0.7337807606263982,
    "mean_actual_mfe": 2.125260353088379,
    "mean_predicted_q50": 2.3592875003814697
  }
}