{
  "n_total": 10497,
  "n_fired": 4012,
  "fire_rate": 0.3822044393636277,
  "dir_acc": 0.1861914257228315,
  "long_acc": 0.17300760913095714,
  "short_acc": 0.2079207920792079,
  "ece": 0.19451026973553218,
  "calib_bins": [
    {
      "conf_lo": 0.3,
      "conf_hi": 0.4,
      "n": 3128,
      "mean_conf": 0.3699769973754883,
      "actual_acc": 0.17647058823529413,
      "gap": 0.19350640914019415
    },
    {
      "conf_lo": 0.4,
      "conf_hi": 0.5,
      "n": 884,
      "mean_conf": 0.41865062713623047,
      "actual_acc": 0.22058823529411764,
      "gap": 0.19806239184211283
    }
  ],
  "move": {
    "n_correct_dir": 747,
    "mean_move_ratio": 0.9924855828285217,
    "median_move_ratio": 1.0417481660842896,
    "pct_within_50pct": 0.8728246318607764,
    "pct_overestimated": 0.07898259705488621,
    "pct_underestimated": 0.04819277108433735,
    "q10_coverage": 0.9585006693440429,
    "q50_coverage": 0.5876840696117804,
    "q90_coverage": 0.5662650602409639,
    "mean_actual_mfe": 2.4012229442596436,
    "mean_predicted_q50": 2.4274139404296875
  }
}