{
  "n_total": 5249,
  "n_fired": 3542,
  "fire_rate": 0.6747951990855401,
  "dir_acc": 0.27752682100508186,
  "long_acc": 0.21512605042016808,
  "short_acc": 0.3090986394557823,
  "ece": 0.0931852629196839,
  "calib_bins": [
    {
      "conf_lo": 0.3,
      "conf_hi": 0.4,
      "n": 3121,
      "mean_conf": 0.3636425733566284,
      "actual_acc": 0.2729894264658763,
      "gap": 0.0906531468907521
    },
    {
      "conf_lo": 0.4,
      "conf_hi": 0.5,
      "n": 414,
      "mean_conf": 0.42164671421051025,
      "actual_acc": 0.3115942028985507,
      "gap": 0.11005251131195953
    },
    {
      "conf_lo": 0.5,
      "conf_hi": 0.6,
      "n": 7,
      "mean_conf": 0.5102843046188354,
      "actual_acc": 0.2857142857142857,
      "gap": 0.22457001890454975
    }
  ],
  "move": {
    "n_correct_dir": 983,
    "mean_move_ratio": 1.1763465404510498,
    "median_move_ratio": 1.0668549537658691,
    "pct_within_50pct": 0.6998982706002035,
    "pct_overestimated": 0.03560528992878942,
    "pct_underestimated": 0.2644964394710071,
    "q10_coverage": 0.9623601220752798,
    "q50_coverage": 0.5808748728382502,
    "q90_coverage": 0.8636826042726348,
    "mean_actual_mfe": 1.663413166999817,
    "mean_predicted_q50": 1.4700860977172852
  }
}