{
  "n_total": 10505,
  "n_fired": 9251,
  "fire_rate": 0.8806282722513089,
  "dir_acc": 0.29477894281699274,
  "long_acc": 0.28743862520458263,
  "short_acc": 0.30300252120100846,
  "ece": 0.06295654583577785,
  "calib_bins": [
    {
      "conf_lo": 0.3,
      "conf_hi": 0.4,
      "n": 9228,
      "mean_conf": 0.3568252623081207,
      "actual_acc": 0.2941048981361075,
      "gap": 0.06272036417201321
    },
    {
      "conf_lo": 0.4,
      "conf_hi": 0.5,
      "n": 23,
      "mean_conf": 0.40750065445899963,
      "actual_acc": 0.5652173913043478,
      "gap": 0.15771673684534815
    }
  ],
  "move": {
    "n_correct_dir": 2727,
    "mean_move_ratio": 1.116924524307251,
    "median_move_ratio": 1.038861632347107,
    "pct_within_50pct": 0.7477081041437477,
    "pct_overestimated": 0.0429042904290429,
    "pct_underestimated": 0.20938760542720938,
    "q10_coverage": 0.9559955995599559,
    "q50_coverage": 0.530986431976531,
    "q90_coverage": 0.8705537220388706,
    "mean_actual_mfe": 1.7086151838302612,
    "mean_predicted_q50": 1.55862557888031
  }
}