{
  "best_val_loss": 2.334735870361328,
  "best_val_dir_acc": 0.49499475955963135
}