{
  "best_val_macro_f1": 0.3756614945564285,
  "temperature": 2.8629891872406006
}