{
  "best_val_macro_f1": 0.3419827466238197,
  "temperature": 1.5550299882888794
}