{
  "best_val_macro_f1": 0.40804651668065767,
  "test_balanced_acc": 0.3982839272574372,
  "test_macro_f1": 0.38029174729013276,
  "report": {
    "LONG": {
      "precision": 0.2206896551724138,
      "recall": 0.141280353200883,
      "f1-score": 0.17227456258411844,
      "support": 906.0
    },
    "NEUTRAL": {
      "precision": 0.6391164944780905,
      "recall": 0.5571428571428572,
      "f1-score": 0.5953210552513688,
      "support": 3220.0
    },
    "SHORT": {
      "precision": 0.2990855298547606,
      "recall": 0.49642857142857144,
      "f1-score": 0.37327962403491105,
      "support": 1120.0
    },
    "accuracy": 0.4723598932520015,
    "macro avg": {
      "precision": 0.38629722650175496,
      "recall": 0.3982839272574372,
      "f1-score": 0.38029174729013276,
      "support": 5246.0
    },
    "weighted avg": {
      "precision": 0.49425766931814524,
      "recall": 0.4723598932520015,
      "f1-score": 0.47485469510669454,
      "support": 5246.0
    }
  }
}