{
  "best_val_macro_f1": 0.35717282567204706,
  "temperature": 0.5516533255577087
}