{"long_probability_threshold": 0.44999999999999996, "short_probability_threshold": 0.44999999999999996}